--
-- PostgreSQL database dump
--

-- Dumped from database version 15.3 (Debian 15.3-1.pgdg110+1)
-- Dumped by pg_dump version 15.0

-- Started on 2023-05-19 21:10:44 EDT

SET statement_timeout = 0;
SET lock_timeout = 0;
SET idle_in_transaction_session_timeout = 0;
SET client_encoding = 'UTF8';
SET standard_conforming_strings = on;
SELECT pg_catalog.set_config('search_path', '', false);
SET check_function_bodies = false;
SET xmloption = content;
SET client_min_messages = warning;
SET row_security = off;

SET default_tablespace = '';

SET default_table_access_method = heap;

--
-- TOC entry 221 (class 1259 OID 16408)
-- Name: auth_group; Type: TABLE; Schema: public; Owner: vueUser
--

CREATE TABLE public.auth_group (
    id integer NOT NULL,
    name character varying(150) NOT NULL
);


ALTER TABLE public.auth_group OWNER TO "vueUser";

--
-- TOC entry 220 (class 1259 OID 16407)
-- Name: auth_group_id_seq; Type: SEQUENCE; Schema: public; Owner: vueUser
--

ALTER TABLE public.auth_group ALTER COLUMN id ADD GENERATED BY DEFAULT AS IDENTITY (
    SEQUENCE NAME public.auth_group_id_seq
    START WITH 1
    INCREMENT BY 1
    NO MINVALUE
    NO MAXVALUE
    CACHE 1
);


--
-- TOC entry 223 (class 1259 OID 16416)
-- Name: auth_group_permissions; Type: TABLE; Schema: public; Owner: vueUser
--

CREATE TABLE public.auth_group_permissions (
    id bigint NOT NULL,
    group_id integer NOT NULL,
    permission_id integer NOT NULL
);


ALTER TABLE public.auth_group_permissions OWNER TO "vueUser";

--
-- TOC entry 222 (class 1259 OID 16415)
-- Name: auth_group_permissions_id_seq; Type: SEQUENCE; Schema: public; Owner: vueUser
--

ALTER TABLE public.auth_group_permissions ALTER COLUMN id ADD GENERATED BY DEFAULT AS IDENTITY (
    SEQUENCE NAME public.auth_group_permissions_id_seq
    START WITH 1
    INCREMENT BY 1
    NO MINVALUE
    NO MAXVALUE
    CACHE 1
);


--
-- TOC entry 219 (class 1259 OID 16402)
-- Name: auth_permission; Type: TABLE; Schema: public; Owner: vueUser
--

CREATE TABLE public.auth_permission (
    id integer NOT NULL,
    name character varying(255) NOT NULL,
    content_type_id integer NOT NULL,
    codename character varying(100) NOT NULL
);


ALTER TABLE public.auth_permission OWNER TO "vueUser";

--
-- TOC entry 218 (class 1259 OID 16401)
-- Name: auth_permission_id_seq; Type: SEQUENCE; Schema: public; Owner: vueUser
--

ALTER TABLE public.auth_permission ALTER COLUMN id ADD GENERATED BY DEFAULT AS IDENTITY (
    SEQUENCE NAME public.auth_permission_id_seq
    START WITH 1
    INCREMENT BY 1
    NO MINVALUE
    NO MAXVALUE
    CACHE 1
);


--
-- TOC entry 225 (class 1259 OID 16448)
-- Name: authentication_customuser; Type: TABLE; Schema: public; Owner: vueUser
--

CREATE TABLE public.authentication_customuser (
    id bigint NOT NULL,
    password character varying(128) NOT NULL,
    last_login timestamp with time zone,
    is_superuser boolean NOT NULL,
    first_name character varying(150) NOT NULL,
    last_name character varying(150) NOT NULL,
    is_staff boolean NOT NULL,
    is_active boolean NOT NULL,
    date_joined timestamp with time zone NOT NULL,
    email character varying(254) NOT NULL
);


ALTER TABLE public.authentication_customuser OWNER TO "vueUser";

--
-- TOC entry 227 (class 1259 OID 16458)
-- Name: authentication_customuser_groups; Type: TABLE; Schema: public; Owner: vueUser
--

CREATE TABLE public.authentication_customuser_groups (
    id bigint NOT NULL,
    customuser_id bigint NOT NULL,
    group_id integer NOT NULL
);


ALTER TABLE public.authentication_customuser_groups OWNER TO "vueUser";

--
-- TOC entry 226 (class 1259 OID 16457)
-- Name: authentication_customuser_groups_id_seq; Type: SEQUENCE; Schema: public; Owner: vueUser
--

ALTER TABLE public.authentication_customuser_groups ALTER COLUMN id ADD GENERATED BY DEFAULT AS IDENTITY (
    SEQUENCE NAME public.authentication_customuser_groups_id_seq
    START WITH 1
    INCREMENT BY 1
    NO MINVALUE
    NO MAXVALUE
    CACHE 1
);


--
-- TOC entry 224 (class 1259 OID 16447)
-- Name: authentication_customuser_id_seq; Type: SEQUENCE; Schema: public; Owner: vueUser
--

ALTER TABLE public.authentication_customuser ALTER COLUMN id ADD GENERATED BY DEFAULT AS IDENTITY (
    SEQUENCE NAME public.authentication_customuser_id_seq
    START WITH 1
    INCREMENT BY 1
    NO MINVALUE
    NO MAXVALUE
    CACHE 1
);


--
-- TOC entry 229 (class 1259 OID 16464)
-- Name: authentication_customuser_user_permissions; Type: TABLE; Schema: public; Owner: vueUser
--

CREATE TABLE public.authentication_customuser_user_permissions (
    id bigint NOT NULL,
    customuser_id bigint NOT NULL,
    permission_id integer NOT NULL
);


ALTER TABLE public.authentication_customuser_user_permissions OWNER TO "vueUser";

--
-- TOC entry 228 (class 1259 OID 16463)
-- Name: authentication_customuser_user_permissions_id_seq; Type: SEQUENCE; Schema: public; Owner: vueUser
--

ALTER TABLE public.authentication_customuser_user_permissions ALTER COLUMN id ADD GENERATED BY DEFAULT AS IDENTITY (
    SEQUENCE NAME public.authentication_customuser_user_permissions_id_seq
    START WITH 1
    INCREMENT BY 1
    NO MINVALUE
    NO MAXVALUE
    CACHE 1
);


--
-- TOC entry 233 (class 1259 OID 16520)
-- Name: authentication_notecard; Type: TABLE; Schema: public; Owner: vueUser
--

CREATE TABLE public.authentication_notecard (
    id bigint NOT NULL,
    title character varying(255) NOT NULL,
    body text NOT NULL,
    user_id bigint NOT NULL
);


ALTER TABLE public.authentication_notecard OWNER TO "vueUser";

--
-- TOC entry 232 (class 1259 OID 16519)
-- Name: authentication_notecard_id_seq; Type: SEQUENCE; Schema: public; Owner: vueUser
--

ALTER TABLE public.authentication_notecard ALTER COLUMN id ADD GENERATED BY DEFAULT AS IDENTITY (
    SEQUENCE NAME public.authentication_notecard_id_seq
    START WITH 1
    INCREMENT BY 1
    NO MINVALUE
    NO MAXVALUE
    CACHE 1
);


--
-- TOC entry 234 (class 1259 OID 16533)
-- Name: authtoken_token; Type: TABLE; Schema: public; Owner: vueUser
--

CREATE TABLE public.authtoken_token (
    key character varying(40) NOT NULL,
    created timestamp with time zone NOT NULL,
    user_id bigint NOT NULL
);


ALTER TABLE public.authtoken_token OWNER TO "vueUser";

--
-- TOC entry 231 (class 1259 OID 16499)
-- Name: django_admin_log; Type: TABLE; Schema: public; Owner: vueUser
--

CREATE TABLE public.django_admin_log (
    id integer NOT NULL,
    action_time timestamp with time zone NOT NULL,
    object_id text,
    object_repr character varying(200) NOT NULL,
    action_flag smallint NOT NULL,
    change_message text NOT NULL,
    content_type_id integer,
    user_id bigint NOT NULL,
    CONSTRAINT django_admin_log_action_flag_check CHECK ((action_flag >= 0))
);


ALTER TABLE public.django_admin_log OWNER TO "vueUser";

--
-- TOC entry 230 (class 1259 OID 16498)
-- Name: django_admin_log_id_seq; Type: SEQUENCE; Schema: public; Owner: vueUser
--

ALTER TABLE public.django_admin_log ALTER COLUMN id ADD GENERATED BY DEFAULT AS IDENTITY (
    SEQUENCE NAME public.django_admin_log_id_seq
    START WITH 1
    INCREMENT BY 1
    NO MINVALUE
    NO MAXVALUE
    CACHE 1
);


--
-- TOC entry 217 (class 1259 OID 16394)
-- Name: django_content_type; Type: TABLE; Schema: public; Owner: vueUser
--

CREATE TABLE public.django_content_type (
    id integer NOT NULL,
    app_label character varying(100) NOT NULL,
    model character varying(100) NOT NULL
);


ALTER TABLE public.django_content_type OWNER TO "vueUser";

--
-- TOC entry 216 (class 1259 OID 16393)
-- Name: django_content_type_id_seq; Type: SEQUENCE; Schema: public; Owner: vueUser
--

ALTER TABLE public.django_content_type ALTER COLUMN id ADD GENERATED BY DEFAULT AS IDENTITY (
    SEQUENCE NAME public.django_content_type_id_seq
    START WITH 1
    INCREMENT BY 1
    NO MINVALUE
    NO MAXVALUE
    CACHE 1
);


--
-- TOC entry 215 (class 1259 OID 16386)
-- Name: django_migrations; Type: TABLE; Schema: public; Owner: vueUser
--

CREATE TABLE public.django_migrations (
    id bigint NOT NULL,
    app character varying(255) NOT NULL,
    name character varying(255) NOT NULL,
    applied timestamp with time zone NOT NULL
);


ALTER TABLE public.django_migrations OWNER TO "vueUser";

--
-- TOC entry 214 (class 1259 OID 16385)
-- Name: django_migrations_id_seq; Type: SEQUENCE; Schema: public; Owner: vueUser
--

ALTER TABLE public.django_migrations ALTER COLUMN id ADD GENERATED BY DEFAULT AS IDENTITY (
    SEQUENCE NAME public.django_migrations_id_seq
    START WITH 1
    INCREMENT BY 1
    NO MINVALUE
    NO MAXVALUE
    CACHE 1
);


--
-- TOC entry 235 (class 1259 OID 16546)
-- Name: django_session; Type: TABLE; Schema: public; Owner: vueUser
--

CREATE TABLE public.django_session (
    session_key character varying(40) NOT NULL,
    session_data text NOT NULL,
    expire_date timestamp with time zone NOT NULL
);


ALTER TABLE public.django_session OWNER TO "vueUser";

--
-- TOC entry 3445 (class 0 OID 16408)
-- Dependencies: 221
-- Data for Name: auth_group; Type: TABLE DATA; Schema: public; Owner: vueUser
--

COPY public.auth_group (id, name) FROM stdin;
\.


--
-- TOC entry 3447 (class 0 OID 16416)
-- Dependencies: 223
-- Data for Name: auth_group_permissions; Type: TABLE DATA; Schema: public; Owner: vueUser
--

COPY public.auth_group_permissions (id, group_id, permission_id) FROM stdin;
\.


--
-- TOC entry 3443 (class 0 OID 16402)
-- Dependencies: 219
-- Data for Name: auth_permission; Type: TABLE DATA; Schema: public; Owner: vueUser
--

COPY public.auth_permission (id, name, content_type_id, codename) FROM stdin;
1	Can add log entry	1	add_logentry
2	Can change log entry	1	change_logentry
3	Can delete log entry	1	delete_logentry
4	Can view log entry	1	view_logentry
5	Can add permission	2	add_permission
6	Can change permission	2	change_permission
7	Can delete permission	2	delete_permission
8	Can view permission	2	view_permission
9	Can add group	3	add_group
10	Can change group	3	change_group
11	Can delete group	3	delete_group
12	Can view group	3	view_group
13	Can add content type	4	add_contenttype
14	Can change content type	4	change_contenttype
15	Can delete content type	4	delete_contenttype
16	Can view content type	4	view_contenttype
17	Can add session	5	add_session
18	Can change session	5	change_session
19	Can delete session	5	delete_session
20	Can view session	5	view_session
21	Can add user	6	add_customuser
22	Can change user	6	change_customuser
23	Can delete user	6	delete_customuser
24	Can view user	6	view_customuser
25	Can add note card	7	add_notecard
26	Can change note card	7	change_notecard
27	Can delete note card	7	delete_notecard
28	Can view note card	7	view_notecard
29	Can add Token	8	add_token
30	Can change Token	8	change_token
31	Can delete Token	8	delete_token
32	Can view Token	8	view_token
33	Can add token	9	add_tokenproxy
34	Can change token	9	change_tokenproxy
35	Can delete token	9	delete_tokenproxy
36	Can view token	9	view_tokenproxy
\.


--
-- TOC entry 3449 (class 0 OID 16448)
-- Dependencies: 225
-- Data for Name: authentication_customuser; Type: TABLE DATA; Schema: public; Owner: vueUser
--

COPY public.authentication_customuser (id, password, last_login, is_superuser, first_name, last_name, is_staff, is_active, date_joined, email) FROM stdin;
1	pbkdf2_sha256$600000$0S6q7FM2m68zCc5OnPkBuS$j+vwLtUGVe3rVpk85el2/VpubZGLN9RAlwaHKceHWLY=	\N	t			t	t	2023-05-14 17:30:43.870203+00	admin@example.com
3	pbkdf2_sha256$600000$bDv5LWr7442Orf9YPvWofO$cJfUIuGUQnZP7mWujn0zLLzv5hiTOMzRk8mAqtA6d1Q=	\N	f			f	t	2023-05-14 17:48:24.202919+00	test@test.com
\.


--
-- TOC entry 3451 (class 0 OID 16458)
-- Dependencies: 227
-- Data for Name: authentication_customuser_groups; Type: TABLE DATA; Schema: public; Owner: vueUser
--

COPY public.authentication_customuser_groups (id, customuser_id, group_id) FROM stdin;
\.


--
-- TOC entry 3453 (class 0 OID 16464)
-- Dependencies: 229
-- Data for Name: authentication_customuser_user_permissions; Type: TABLE DATA; Schema: public; Owner: vueUser
--

COPY public.authentication_customuser_user_permissions (id, customuser_id, permission_id) FROM stdin;
\.


--
-- TOC entry 3457 (class 0 OID 16520)
-- Dependencies: 233
-- Data for Name: authentication_notecard; Type: TABLE DATA; Schema: public; Owner: vueUser
--

COPY public.authentication_notecard (id, title, body, user_id) FROM stdin;
\.


--
-- TOC entry 3458 (class 0 OID 16533)
-- Dependencies: 234
-- Data for Name: authtoken_token; Type: TABLE DATA; Schema: public; Owner: vueUser
--

COPY public.authtoken_token (key, created, user_id) FROM stdin;
778c37816f2b812fd72e49f0c4d4c9ff7076230b	2023-05-14 17:36:20.394818+00	1
33552e43ae4b1794c5de0643043c72d067e0257f	2023-05-20 00:35:50.491223+00	3
\.


--
-- TOC entry 3455 (class 0 OID 16499)
-- Dependencies: 231
-- Data for Name: django_admin_log; Type: TABLE DATA; Schema: public; Owner: vueUser
--

COPY public.django_admin_log (id, action_time, object_id, object_repr, action_flag, change_message, content_type_id, user_id) FROM stdin;
\.


--
-- TOC entry 3441 (class 0 OID 16394)
-- Dependencies: 217
-- Data for Name: django_content_type; Type: TABLE DATA; Schema: public; Owner: vueUser
--

COPY public.django_content_type (id, app_label, model) FROM stdin;
1	admin	logentry
2	auth	permission
3	auth	group
4	contenttypes	contenttype
5	sessions	session
6	authentication	customuser
7	authentication	notecard
8	authtoken	token
9	authtoken	tokenproxy
\.


--
-- TOC entry 3439 (class 0 OID 16386)
-- Dependencies: 215
-- Data for Name: django_migrations; Type: TABLE DATA; Schema: public; Owner: vueUser
--

COPY public.django_migrations (id, app, name, applied) FROM stdin;
1	contenttypes	0001_initial	2023-05-14 17:30:43.071821+00
2	contenttypes	0002_remove_content_type_name	2023-05-14 17:30:43.078185+00
3	auth	0001_initial	2023-05-14 17:30:43.109446+00
4	auth	0002_alter_permission_name_max_length	2023-05-14 17:30:43.115935+00
5	auth	0003_alter_user_email_max_length	2023-05-14 17:30:43.121519+00
6	auth	0004_alter_user_username_opts	2023-05-14 17:30:43.127215+00
7	auth	0005_alter_user_last_login_null	2023-05-14 17:30:43.135539+00
8	auth	0006_require_contenttypes_0002	2023-05-14 17:30:43.138017+00
9	auth	0007_alter_validators_add_error_messages	2023-05-14 17:30:43.143801+00
10	auth	0008_alter_user_username_max_length	2023-05-14 17:30:43.150956+00
11	auth	0009_alter_user_last_name_max_length	2023-05-14 17:30:43.156796+00
12	auth	0010_alter_group_name_max_length	2023-05-14 17:30:43.163476+00
13	auth	0011_update_proxy_permissions	2023-05-14 17:30:43.168795+00
14	auth	0012_alter_user_first_name_max_length	2023-05-14 17:30:43.174361+00
15	authentication	0001_initial	2023-05-14 17:30:43.207211+00
16	admin	0001_initial	2023-05-14 17:30:43.224641+00
17	admin	0002_logentry_remove_auto_add	2023-05-14 17:30:43.23182+00
18	admin	0003_logentry_add_action_flag_choices	2023-05-14 17:30:43.239255+00
19	authentication	0002_notecard	2023-05-14 17:30:43.25431+00
20	authtoken	0001_initial	2023-05-14 17:30:43.271024+00
21	authtoken	0002_auto_20160226_1747	2023-05-14 17:30:43.29644+00
22	authtoken	0003_tokenproxy	2023-05-14 17:30:43.299819+00
23	sessions	0001_initial	2023-05-14 17:30:43.312664+00
24	authentication	0003_alter_customuser_managers	2023-05-14 18:00:47.733442+00
\.


--
-- TOC entry 3459 (class 0 OID 16546)
-- Dependencies: 235
-- Data for Name: django_session; Type: TABLE DATA; Schema: public; Owner: vueUser
--

COPY public.django_session (session_key, session_data, expire_date) FROM stdin;
\.


--
-- TOC entry 3465 (class 0 OID 0)
-- Dependencies: 220
-- Name: auth_group_id_seq; Type: SEQUENCE SET; Schema: public; Owner: vueUser
--

SELECT pg_catalog.setval('public.auth_group_id_seq', 1, false);


--
-- TOC entry 3466 (class 0 OID 0)
-- Dependencies: 222
-- Name: auth_group_permissions_id_seq; Type: SEQUENCE SET; Schema: public; Owner: vueUser
--

SELECT pg_catalog.setval('public.auth_group_permissions_id_seq', 1, false);


--
-- TOC entry 3467 (class 0 OID 0)
-- Dependencies: 218
-- Name: auth_permission_id_seq; Type: SEQUENCE SET; Schema: public; Owner: vueUser
--

SELECT pg_catalog.setval('public.auth_permission_id_seq', 36, true);


--
-- TOC entry 3468 (class 0 OID 0)
-- Dependencies: 226
-- Name: authentication_customuser_groups_id_seq; Type: SEQUENCE SET; Schema: public; Owner: vueUser
--

SELECT pg_catalog.setval('public.authentication_customuser_groups_id_seq', 1, false);


--
-- TOC entry 3469 (class 0 OID 0)
-- Dependencies: 224
-- Name: authentication_customuser_id_seq; Type: SEQUENCE SET; Schema: public; Owner: vueUser
--

SELECT pg_catalog.setval('public.authentication_customuser_id_seq', 3, true);


--
-- TOC entry 3470 (class 0 OID 0)
-- Dependencies: 228
-- Name: authentication_customuser_user_permissions_id_seq; Type: SEQUENCE SET; Schema: public; Owner: vueUser
--

SELECT pg_catalog.setval('public.authentication_customuser_user_permissions_id_seq', 1, false);


--
-- TOC entry 3471 (class 0 OID 0)
-- Dependencies: 232
-- Name: authentication_notecard_id_seq; Type: SEQUENCE SET; Schema: public; Owner: vueUser
--

SELECT pg_catalog.setval('public.authentication_notecard_id_seq', 1, false);


--
-- TOC entry 3472 (class 0 OID 0)
-- Dependencies: 230
-- Name: django_admin_log_id_seq; Type: SEQUENCE SET; Schema: public; Owner: vueUser
--

SELECT pg_catalog.setval('public.django_admin_log_id_seq', 1, false);


--
-- TOC entry 3473 (class 0 OID 0)
-- Dependencies: 216
-- Name: django_content_type_id_seq; Type: SEQUENCE SET; Schema: public; Owner: vueUser
--

SELECT pg_catalog.setval('public.django_content_type_id_seq', 9, true);


--
-- TOC entry 3474 (class 0 OID 0)
-- Dependencies: 214
-- Name: django_migrations_id_seq; Type: SEQUENCE SET; Schema: public; Owner: vueUser
--

SELECT pg_catalog.setval('public.django_migrations_id_seq', 24, true);


--
-- TOC entry 3243 (class 2606 OID 16445)
-- Name: auth_group auth_group_name_key; Type: CONSTRAINT; Schema: public; Owner: vueUser
--

ALTER TABLE ONLY public.auth_group
    ADD CONSTRAINT auth_group_name_key UNIQUE (name);


--
-- TOC entry 3248 (class 2606 OID 16431)
-- Name: auth_group_permissions auth_group_permissions_group_id_permission_id_0cd325b0_uniq; Type: CONSTRAINT; Schema: public; Owner: vueUser
--

ALTER TABLE ONLY public.auth_group_permissions
    ADD CONSTRAINT auth_group_permissions_group_id_permission_id_0cd325b0_uniq UNIQUE (group_id, permission_id);


--
-- TOC entry 3251 (class 2606 OID 16420)
-- Name: auth_group_permissions auth_group_permissions_pkey; Type: CONSTRAINT; Schema: public; Owner: vueUser
--

ALTER TABLE ONLY public.auth_group_permissions
    ADD CONSTRAINT auth_group_permissions_pkey PRIMARY KEY (id);


--
-- TOC entry 3245 (class 2606 OID 16412)
-- Name: auth_group auth_group_pkey; Type: CONSTRAINT; Schema: public; Owner: vueUser
--

ALTER TABLE ONLY public.auth_group
    ADD CONSTRAINT auth_group_pkey PRIMARY KEY (id);


--
-- TOC entry 3238 (class 2606 OID 16422)
-- Name: auth_permission auth_permission_content_type_id_codename_01ab375a_uniq; Type: CONSTRAINT; Schema: public; Owner: vueUser
--

ALTER TABLE ONLY public.auth_permission
    ADD CONSTRAINT auth_permission_content_type_id_codename_01ab375a_uniq UNIQUE (content_type_id, codename);


--
-- TOC entry 3240 (class 2606 OID 16406)
-- Name: auth_permission auth_permission_pkey; Type: CONSTRAINT; Schema: public; Owner: vueUser
--

ALTER TABLE ONLY public.auth_permission
    ADD CONSTRAINT auth_permission_pkey PRIMARY KEY (id);


--
-- TOC entry 3258 (class 2606 OID 16471)
-- Name: authentication_customuser_groups authentication_customuse_customuser_id_group_id_8a637646_uniq; Type: CONSTRAINT; Schema: public; Owner: vueUser
--

ALTER TABLE ONLY public.authentication_customuser_groups
    ADD CONSTRAINT authentication_customuse_customuser_id_group_id_8a637646_uniq UNIQUE (customuser_id, group_id);


--
-- TOC entry 3264 (class 2606 OID 16485)
-- Name: authentication_customuser_user_permissions authentication_customuse_customuser_id_permission_923704b1_uniq; Type: CONSTRAINT; Schema: public; Owner: vueUser
--

ALTER TABLE ONLY public.authentication_customuser_user_permissions
    ADD CONSTRAINT authentication_customuse_customuser_id_permission_923704b1_uniq UNIQUE (customuser_id, permission_id);


--
-- TOC entry 3254 (class 2606 OID 16456)
-- Name: authentication_customuser authentication_customuser_email_key; Type: CONSTRAINT; Schema: public; Owner: vueUser
--

ALTER TABLE ONLY public.authentication_customuser
    ADD CONSTRAINT authentication_customuser_email_key UNIQUE (email);


--
-- TOC entry 3262 (class 2606 OID 16462)
-- Name: authentication_customuser_groups authentication_customuser_groups_pkey; Type: CONSTRAINT; Schema: public; Owner: vueUser
--

ALTER TABLE ONLY public.authentication_customuser_groups
    ADD CONSTRAINT authentication_customuser_groups_pkey PRIMARY KEY (id);


--
-- TOC entry 3256 (class 2606 OID 16454)
-- Name: authentication_customuser authentication_customuser_pkey; Type: CONSTRAINT; Schema: public; Owner: vueUser
--

ALTER TABLE ONLY public.authentication_customuser
    ADD CONSTRAINT authentication_customuser_pkey PRIMARY KEY (id);


--
-- TOC entry 3268 (class 2606 OID 16468)
-- Name: authentication_customuser_user_permissions authentication_customuser_user_permissions_pkey; Type: CONSTRAINT; Schema: public; Owner: vueUser
--

ALTER TABLE ONLY public.authentication_customuser_user_permissions
    ADD CONSTRAINT authentication_customuser_user_permissions_pkey PRIMARY KEY (id);


--
-- TOC entry 3274 (class 2606 OID 16526)
-- Name: authentication_notecard authentication_notecard_pkey; Type: CONSTRAINT; Schema: public; Owner: vueUser
--

ALTER TABLE ONLY public.authentication_notecard
    ADD CONSTRAINT authentication_notecard_pkey PRIMARY KEY (id);


--
-- TOC entry 3278 (class 2606 OID 16537)
-- Name: authtoken_token authtoken_token_pkey; Type: CONSTRAINT; Schema: public; Owner: vueUser
--

ALTER TABLE ONLY public.authtoken_token
    ADD CONSTRAINT authtoken_token_pkey PRIMARY KEY (key);


--
-- TOC entry 3280 (class 2606 OID 16539)
-- Name: authtoken_token authtoken_token_user_id_key; Type: CONSTRAINT; Schema: public; Owner: vueUser
--

ALTER TABLE ONLY public.authtoken_token
    ADD CONSTRAINT authtoken_token_user_id_key UNIQUE (user_id);


--
-- TOC entry 3271 (class 2606 OID 16506)
-- Name: django_admin_log django_admin_log_pkey; Type: CONSTRAINT; Schema: public; Owner: vueUser
--

ALTER TABLE ONLY public.django_admin_log
    ADD CONSTRAINT django_admin_log_pkey PRIMARY KEY (id);


--
-- TOC entry 3233 (class 2606 OID 16400)
-- Name: django_content_type django_content_type_app_label_model_76bd3d3b_uniq; Type: CONSTRAINT; Schema: public; Owner: vueUser
--

ALTER TABLE ONLY public.django_content_type
    ADD CONSTRAINT django_content_type_app_label_model_76bd3d3b_uniq UNIQUE (app_label, model);


--
-- TOC entry 3235 (class 2606 OID 16398)
-- Name: django_content_type django_content_type_pkey; Type: CONSTRAINT; Schema: public; Owner: vueUser
--

ALTER TABLE ONLY public.django_content_type
    ADD CONSTRAINT django_content_type_pkey PRIMARY KEY (id);


--
-- TOC entry 3231 (class 2606 OID 16392)
-- Name: django_migrations django_migrations_pkey; Type: CONSTRAINT; Schema: public; Owner: vueUser
--

ALTER TABLE ONLY public.django_migrations
    ADD CONSTRAINT django_migrations_pkey PRIMARY KEY (id);


--
-- TOC entry 3283 (class 2606 OID 16552)
-- Name: django_session django_session_pkey; Type: CONSTRAINT; Schema: public; Owner: vueUser
--

ALTER TABLE ONLY public.django_session
    ADD CONSTRAINT django_session_pkey PRIMARY KEY (session_key);


--
-- TOC entry 3241 (class 1259 OID 16446)
-- Name: auth_group_name_a6ea08ec_like; Type: INDEX; Schema: public; Owner: vueUser
--

CREATE INDEX auth_group_name_a6ea08ec_like ON public.auth_group USING btree (name varchar_pattern_ops);


--
-- TOC entry 3246 (class 1259 OID 16442)
-- Name: auth_group_permissions_group_id_b120cbf9; Type: INDEX; Schema: public; Owner: vueUser
--

CREATE INDEX auth_group_permissions_group_id_b120cbf9 ON public.auth_group_permissions USING btree (group_id);


--
-- TOC entry 3249 (class 1259 OID 16443)
-- Name: auth_group_permissions_permission_id_84c5c92e; Type: INDEX; Schema: public; Owner: vueUser
--

CREATE INDEX auth_group_permissions_permission_id_84c5c92e ON public.auth_group_permissions USING btree (permission_id);


--
-- TOC entry 3236 (class 1259 OID 16428)
-- Name: auth_permission_content_type_id_2f476e4b; Type: INDEX; Schema: public; Owner: vueUser
--

CREATE INDEX auth_permission_content_type_id_2f476e4b ON public.auth_permission USING btree (content_type_id);


--
-- TOC entry 3265 (class 1259 OID 16496)
-- Name: authentication_customuser__customuser_id_33d2a5f7; Type: INDEX; Schema: public; Owner: vueUser
--

CREATE INDEX authentication_customuser__customuser_id_33d2a5f7 ON public.authentication_customuser_user_permissions USING btree (customuser_id);


--
-- TOC entry 3266 (class 1259 OID 16497)
-- Name: authentication_customuser__permission_id_e47332af; Type: INDEX; Schema: public; Owner: vueUser
--

CREATE INDEX authentication_customuser__permission_id_e47332af ON public.authentication_customuser_user_permissions USING btree (permission_id);


--
-- TOC entry 3252 (class 1259 OID 16469)
-- Name: authentication_customuser_email_a127f886_like; Type: INDEX; Schema: public; Owner: vueUser
--

CREATE INDEX authentication_customuser_email_a127f886_like ON public.authentication_customuser USING btree (email varchar_pattern_ops);


--
-- TOC entry 3259 (class 1259 OID 16482)
-- Name: authentication_customuser_groups_customuser_id_a7d1343c; Type: INDEX; Schema: public; Owner: vueUser
--

CREATE INDEX authentication_customuser_groups_customuser_id_a7d1343c ON public.authentication_customuser_groups USING btree (customuser_id);


--
-- TOC entry 3260 (class 1259 OID 16483)
-- Name: authentication_customuser_groups_group_id_c5ef1d10; Type: INDEX; Schema: public; Owner: vueUser
--

CREATE INDEX authentication_customuser_groups_group_id_c5ef1d10 ON public.authentication_customuser_groups USING btree (group_id);


--
-- TOC entry 3275 (class 1259 OID 16532)
-- Name: authentication_notecard_user_id_169465e8; Type: INDEX; Schema: public; Owner: vueUser
--

CREATE INDEX authentication_notecard_user_id_169465e8 ON public.authentication_notecard USING btree (user_id);


--
-- TOC entry 3276 (class 1259 OID 16545)
-- Name: authtoken_token_key_10f0b77e_like; Type: INDEX; Schema: public; Owner: vueUser
--

CREATE INDEX authtoken_token_key_10f0b77e_like ON public.authtoken_token USING btree (key varchar_pattern_ops);


--
-- TOC entry 3269 (class 1259 OID 16517)
-- Name: django_admin_log_content_type_id_c4bce8eb; Type: INDEX; Schema: public; Owner: vueUser
--

CREATE INDEX django_admin_log_content_type_id_c4bce8eb ON public.django_admin_log USING btree (content_type_id);


--
-- TOC entry 3272 (class 1259 OID 16518)
-- Name: django_admin_log_user_id_c564eba6; Type: INDEX; Schema: public; Owner: vueUser
--

CREATE INDEX django_admin_log_user_id_c564eba6 ON public.django_admin_log USING btree (user_id);


--
-- TOC entry 3281 (class 1259 OID 16554)
-- Name: django_session_expire_date_a5c62663; Type: INDEX; Schema: public; Owner: vueUser
--

CREATE INDEX django_session_expire_date_a5c62663 ON public.django_session USING btree (expire_date);


--
-- TOC entry 3284 (class 1259 OID 16553)
-- Name: django_session_session_key_c0390e0f_like; Type: INDEX; Schema: public; Owner: vueUser
--

CREATE INDEX django_session_session_key_c0390e0f_like ON public.django_session USING btree (session_key varchar_pattern_ops);


--
-- TOC entry 3286 (class 2606 OID 16437)
-- Name: auth_group_permissions auth_group_permissio_permission_id_84c5c92e_fk_auth_perm; Type: FK CONSTRAINT; Schema: public; Owner: vueUser
--

ALTER TABLE ONLY public.auth_group_permissions
    ADD CONSTRAINT auth_group_permissio_permission_id_84c5c92e_fk_auth_perm FOREIGN KEY (permission_id) REFERENCES public.auth_permission(id) DEFERRABLE INITIALLY DEFERRED;


--
-- TOC entry 3287 (class 2606 OID 16432)
-- Name: auth_group_permissions auth_group_permissions_group_id_b120cbf9_fk_auth_group_id; Type: FK CONSTRAINT; Schema: public; Owner: vueUser
--

ALTER TABLE ONLY public.auth_group_permissions
    ADD CONSTRAINT auth_group_permissions_group_id_b120cbf9_fk_auth_group_id FOREIGN KEY (group_id) REFERENCES public.auth_group(id) DEFERRABLE INITIALLY DEFERRED;


--
-- TOC entry 3285 (class 2606 OID 16423)
-- Name: auth_permission auth_permission_content_type_id_2f476e4b_fk_django_co; Type: FK CONSTRAINT; Schema: public; Owner: vueUser
--

ALTER TABLE ONLY public.auth_permission
    ADD CONSTRAINT auth_permission_content_type_id_2f476e4b_fk_django_co FOREIGN KEY (content_type_id) REFERENCES public.django_content_type(id) DEFERRABLE INITIALLY DEFERRED;


--
-- TOC entry 3290 (class 2606 OID 16486)
-- Name: authentication_customuser_user_permissions authentication_custo_customuser_id_33d2a5f7_fk_authentic; Type: FK CONSTRAINT; Schema: public; Owner: vueUser
--

ALTER TABLE ONLY public.authentication_customuser_user_permissions
    ADD CONSTRAINT authentication_custo_customuser_id_33d2a5f7_fk_authentic FOREIGN KEY (customuser_id) REFERENCES public.authentication_customuser(id) DEFERRABLE INITIALLY DEFERRED;


--
-- TOC entry 3288 (class 2606 OID 16472)
-- Name: authentication_customuser_groups authentication_custo_customuser_id_a7d1343c_fk_authentic; Type: FK CONSTRAINT; Schema: public; Owner: vueUser
--

ALTER TABLE ONLY public.authentication_customuser_groups
    ADD CONSTRAINT authentication_custo_customuser_id_a7d1343c_fk_authentic FOREIGN KEY (customuser_id) REFERENCES public.authentication_customuser(id) DEFERRABLE INITIALLY DEFERRED;


--
-- TOC entry 3289 (class 2606 OID 16477)
-- Name: authentication_customuser_groups authentication_custo_group_id_c5ef1d10_fk_auth_grou; Type: FK CONSTRAINT; Schema: public; Owner: vueUser
--

ALTER TABLE ONLY public.authentication_customuser_groups
    ADD CONSTRAINT authentication_custo_group_id_c5ef1d10_fk_auth_grou FOREIGN KEY (group_id) REFERENCES public.auth_group(id) DEFERRABLE INITIALLY DEFERRED;


--
-- TOC entry 3291 (class 2606 OID 16491)
-- Name: authentication_customuser_user_permissions authentication_custo_permission_id_e47332af_fk_auth_perm; Type: FK CONSTRAINT; Schema: public; Owner: vueUser
--

ALTER TABLE ONLY public.authentication_customuser_user_permissions
    ADD CONSTRAINT authentication_custo_permission_id_e47332af_fk_auth_perm FOREIGN KEY (permission_id) REFERENCES public.auth_permission(id) DEFERRABLE INITIALLY DEFERRED;


--
-- TOC entry 3294 (class 2606 OID 16527)
-- Name: authentication_notecard authentication_notec_user_id_169465e8_fk_authentic; Type: FK CONSTRAINT; Schema: public; Owner: vueUser
--

ALTER TABLE ONLY public.authentication_notecard
    ADD CONSTRAINT authentication_notec_user_id_169465e8_fk_authentic FOREIGN KEY (user_id) REFERENCES public.authentication_customuser(id) DEFERRABLE INITIALLY DEFERRED;


--
-- TOC entry 3295 (class 2606 OID 16540)
-- Name: authtoken_token authtoken_token_user_id_35299eff_fk_authentic; Type: FK CONSTRAINT; Schema: public; Owner: vueUser
--

ALTER TABLE ONLY public.authtoken_token
    ADD CONSTRAINT authtoken_token_user_id_35299eff_fk_authentic FOREIGN KEY (user_id) REFERENCES public.authentication_customuser(id) DEFERRABLE INITIALLY DEFERRED;


--
-- TOC entry 3292 (class 2606 OID 16507)
-- Name: django_admin_log django_admin_log_content_type_id_c4bce8eb_fk_django_co; Type: FK CONSTRAINT; Schema: public; Owner: vueUser
--

ALTER TABLE ONLY public.django_admin_log
    ADD CONSTRAINT django_admin_log_content_type_id_c4bce8eb_fk_django_co FOREIGN KEY (content_type_id) REFERENCES public.django_content_type(id) DEFERRABLE INITIALLY DEFERRED;


--
-- TOC entry 3293 (class 2606 OID 16512)
-- Name: django_admin_log django_admin_log_user_id_c564eba6_fk_authentic; Type: FK CONSTRAINT; Schema: public; Owner: vueUser
--

ALTER TABLE ONLY public.django_admin_log
    ADD CONSTRAINT django_admin_log_user_id_c564eba6_fk_authentic FOREIGN KEY (user_id) REFERENCES public.authentication_customuser(id) DEFERRABLE INITIALLY DEFERRED;


-- Completed on 2023-05-19 21:10:44 EDT

--
-- PostgreSQL database dump complete
--

